strategie,poids,IS_ret_ann,IS_vol_ann,IS_sharpe,OOS_ret_ann,OOS_vol_ann,OOS_sharpe,OOS_mdd
Max Sharpe,"[39.3%, 5.0%, 55.7%]",0.07189042786914823,0.09541313477240498,0.753464688490039,0.003849724410645239,0.07296713793761325,0.05275970141430989,-0.20399084562196546
Min Variance,"[5.0%, 70.0%, 25.0%]",0.015022819563856963,0.0255140306687032,0.588806204669367,0.0014762135603305637,0.022302151435439312,0.06619153154815285,-0.09033617589106013
Equal Weight,"[33.3%, 33.3%, 33.3%]",0.05649250723103983,0.0759718324455307,0.7435980601302871,0.008906395328490024,0.059415315450043395,0.14990066552753645,-0.1641858461903808
Risk Parity,"[4.0%, 84.1%, 11.9%]",0.0094331245518832,0.01747664230098267,0.5397561150148846,0.005015436075778368,0.017914731650378296,0.2799615519595271,-0.07113984258185113
Max Sharpe Rolling,rolling,0.08080202336258746,0.08160451573883455,0.990166078813391,0.008831112323798962,0.08754895186818085,0.10087056595601092,-0.21544487504256582
