strategie,poids,IS_ret_ann,IS_vol_ann,IS_sharpe,OOS_ret_ann,OOS_vol_ann,OOS_sharpe,OOS_mdd
Max Sharpe,"[39.3%, 5.0%, 55.7%]",0.07189042852807503,0.09541313564641417,0.7534646884941448,0.003849724791021858,0.07296713871766962,0.05275970606326672,-0.2039908462453517
Min Variance,"[5.0%, 70.0%, 25.0%]",0.015022819563856957,0.0255140306687032,0.5888062046693667,0.001476213560331674,0.022302151435439326,0.06619153154820259,-0.09033617589105847
Equal Weight,"[33.3%, 33.3%, 33.3%]",0.056492507231039824,0.07597183244553073,0.7435980601302867,0.008906395328491357,0.05941531545004346,0.14990066552755874,-0.16418584619038035
Risk Parity,"[4.0%, 84.1%, 11.9%]",0.0094331245518832,0.017476642300982677,0.5397561150148844,0.0050154360757797,0.017914731650378324,0.27996155195960104,-0.07113984258184924
Max Sharpe Rolling,rolling,,,,0.008831112360198512,0.08754895183828859,0.1008705664062139,-0.21544487504256626
