,portfolio,core,satellite
2021,0.056471976679388636,0.06273705532575002,0.037794396057052815
2022,-0.07590352383116739,-0.11505002078849136,0.04438778795718745
2023,0.08283910281566009,0.114807114412534,-0.008856744071746081
2024,0.0670343950542045,0.053148266028278046,0.11067033907144941
2025,0.05924155636073758,0.06080670347183714,0.054508391596163275
