,portfolio,core,satellite
2021,0.0351359518307941,0.034419055068328985,0.0369946856796628
2022,-0.07167535804929381,-0.0871806919851511,-0.03147409597088513
2023,0.04150862032719216,0.042694991015439054,0.03796518071038002
2024,0.021461649581096198,0.013125244371297917,0.04370506714117073
2025,0.03517986389894023,0.031047342271754097,0.04575089559310386
