,portfolio,core,satellite
2021,0.03222095799823865,0.03571179262618229,0.0206998942616341
2022,-0.08687653779847948,-0.08154970444497545,-0.10290489117927115
2023,0.04896600127806261,0.04622408432302105,0.057178628299113576
2024,0.022945402087863664,0.01372258592464548,0.05052647384603892
2025,0.059129702780775784,0.03195439852763915,0.143965165052234
