,theta_satellite,absolute_weight,w_core,w_sat
BFIST5I LX Equity,0.25,0.06876252505010019,0.7249498997995992,0.27505010020040077
LOTINAG IN Equity,0.25,0.06876252505010019,0.7249498997995992,0.27505010020040077
REARBVG IN Equity,0.25,0.06876252505010019,0.7249498997995992,0.27505010020040077
MMLDX US Equity,0.25,0.06876252505010019,0.7249498997995992,0.27505010020040077
